0, ,0.08366103768227086
1, ,0.2516092846201652
2, ,0.1802402856052319
3, ,0.18024028560523175
4, ,0.18638395139103
5, ,0.32344446743877076
6,T,0.35793194459036154
7,T,0.25864185680705465
8, ,0.09465447270295828
9,E,0.23157606217426915
10,E,0.25584762820715123
11,E,0.47573152761882137
12,E,0.5042408842056676
13,E,0.598467077380358
14,E,0.4401180010645893
15, ,0.8973399842433644
16, ,1.084091148858666
17, ,1.1918522267822496
18, ,1.1737427823785966
19,S,0.9938937937362187
20, ,1.0357918216529223
21,T,0.8946762907218648
22,T,1.0504256286068252
23,T,1.1794167325258231
24, ,1.1008054246236028
25, ,0.8707790990149801
26, ,0.9232704880520063
27, ,0.8087165341490924
28, ,0.98015476556971
29,E,0.6474022843177024
30,E,0.7267073849043765
31,E,0.5874973260090128
32,E,0.5242827321988295
33,E,0.5779174906045096
34,E,0.4065493079019421
35, ,0.5601165662310948
36,T,0.7074012436673708
37,T,0.6101705187135474
38,S,0.7694587999110871
39, ,0.5017963203972584
40,E,0.36942051764310585
41,E,0.7819173760719167
42,E,0.6369336861288358
43,E,0.815762347292483
44, ,0.7407343166170379
45, ,0.9052951969745155
46, ,1.0115956334674445
47,B,1.0930406518798128
48, ,1.5021530558990146
49,B,1.4026791307554138
50, ,1.4186648704598503
51, ,1.3497304108864754
52, ,1.5168383657851332
53,H,1.5289338581029086
54,H,1.3765167881782552
55,H,1.2299364480985722
56,H,1.1154961459285484
57,H,0.6786847501958876
58, ,0.5156028140438256
59, ,0.24598186478371567
60, ,0.5457072779703757
61,H,0.4122755515950047
62,H,0.595414950330465
63,H,0.8965081889880124
64,H,0.9509272811963583
65,H,0.7335767676067785
66,H,0.9553610044294535
67,H,0.8088509629872102
68,H,0.3703748566478852
69,H,0.40505531719948756
70,H,0.36914161010633123
71,T,0.22418094949113077
72,H,0.13215210206398545
73,H,0.13489807965432551
74,H,0.635042155126787
75,H,0.836282151778329
76,H,0.7481546199769858
77,T,1.0626091902370052
78,T,0.9873624977077854
79, ,0.6577343909702124
80, ,0.6302371932840068
81,B,0.22892163110316038
82, ,0.281020503026071
83,H,0.36181947873805975
84,H,0.5358570630159958
85,H,0.7713403331801177
86,H,0.9528536827385655
87,H,1.1612013954702645
88,H,1.3747813607257346
89,H,1.4732264476892476
90,H,1.3093252987023831
91,H,1.3468773532510008
92,H,1.4678375021057088
93,H,1.2478393471504
94,H,1.388550235430697
95,T,1.151284742610619
96,T,1.276811051543862
97,T,1.102820945147443
98,S,0.9363650438562632
99, ,0.7924417108651053
100,T,0.663114337096098
101,T,0.4897170576084807
102,T,0.769754805542916
103,S,0.7272205962799034
104, ,0.973225497625954
105,E,0.7724266486752701
106,E,1.2119503124813917
107,E,1.070800661128481
108,S,1.0865005571515707
109,S,0.920255825845897
110,H,1.1030406819989187
111,H,0.9779963876458468
112,H,1.0581997125674922
113,H,1.065175915015198
114,H,1.213944417938633
115,H,1.5770498792717231
116,H,1.3855872780803538
117,H,1.5603273693669837
118,H,1.250888636925494
119,H,0.9576607019859534
120, ,0.5394140292639581
121, ,0.7070405597663375
122, ,0.9234222372476587
123,H,0.8734949920055814
124,H,0.7110928675165827
125,H,0.5534728693669346
126,H,0.30364069993497667
127,S,0.3304045770605128
128,S,0.5480881396717621
129, ,0.6412761725701241
130,S,0.33577519029094255
131, ,0.4447318199806712
132,E,0.6793295354042609
133,E,0.5198533890469637
134,E,0.8438293198533885
135,H,0.998178151026059
136,H,1.1084228690098221
137,H,0.9978331169299894
138,H,1.1956564323424428
139,H,0.9607287435669868
140,H,1.2641133877245834
141,H,1.1662972293757887
142,H,1.4701553563169028
143,H,1.2475469529113212
144,H,1.0447014067560083
145,H,0.7875076405791221
146, ,0.8914632338436127
147,G,1.3737417993431529
148,G,1.35514371358991
149,G,0.9101494942173657
150,G,0.7911866084378176
151,G,0.3374314130077774
152,G,0.5130320517249767
153, ,0.6900974975354307
154, ,0.8518792787941096
155, ,1.073225982038554
156, ,1.3269611430307389
157, ,1.2803625008482917
158, ,1.4375207879072724
159,S,1.7214041378485645
160, ,1.6481916067140847
161,H,1.9520363238925784
162,H,1.887566201691881
163,H,1.4163242554643922
164,H,1.3000051949801237
165,H,1.4190537563156065
166,H,1.2670164891446807
167,H
168,H
169,H
170,H
171,H
172,H
173,H
174,H
175,H
176,H
177,H
178,H
179, 
180, 
181, 
182, 
183, 
